id	scientific	en	fi	raw	category	energy	fat	sugar	fiber
100	SECALE CEREALE	FLOUR, RYE, WHOLEGRAIN RYE FLOUR	JAUHO, RUISJAUHO, TÄYSJYVÄJAUHO	true	Viljat	323.8001912045889	1.93	1.891	13.9
103	SECALE CEREALE	RYE FLAKES	RUISHIUTALE	true	Viljat	294.3881453154876	2	2.4	13.9
110	TRITICUM SPP.	FLOUR, WHEAT FLOUR, SEMI-COARSE	JAUHO, VEHNÄJAUHO, PUOLIKARKEA	true	Viljat	368.2815487571702	1.56	1.198	3.5
111	TRITICUM SPP.	FLOUR, WHOLE WHEAT FLOUR, GRAHAM FLOUR	JAUHO, GRAHAMJAUHO	true	Viljat	343.8838432122371	2.46	1.523	9.9
112	TRITICUM SPP.	SEMOLINA	MANNASUURIMO	true	Viljat	321.5583173996176	1.1	0.4	3.5
113	TRITICUM SPP.	SEMOLINA, WHOLE WHEAT	MANNASUURIMO, TUMMA	true	Viljat	308.3173996175908	1.1	0.5	5.5
114	TRITICUM SPP.	WHEAT FLAKES	VEHNÄHIUTALE	true	Viljat	335.038240917782	2.2	0.7	12.9
115	TRITICUM SPP.	WHEAT GERM	VEHNÄNALKIO	true	Viljat	360.4899617590822	10	16.4	14
116	TRITICUM SPP.	WHEAT BRAN	LESE, VEHNÄLESE	true	Viljat	241.38623326959848	4.62	2.107	37.5
124	TRITICUM SPP.	FLOUR, DARK WHEAT FLOUR	JAUHO, HIIVALEIPÄVEHNÄJAUHO	true	Viljat	363.32456978967497	2.37	1.874	5.5
142	TRITICUM SPP.	FLOUR, WHEAT FLOUR, SEMI-COARSE, BAKERY INDUSTRY, FRESH	JAUHO, VEHNÄJAUHO, LEIPOMOTEOLLISUUS, VASTAJAUHETTU	true	Viljat	350.59751434034416	1.4	0.4	3.7
150	HORDEUM VULGARE	FLOUR, BARLEY FLOUR	JAUHO, OHRAJAUHO	true	Viljat	327.40200764818354	2	0.9	7.6
151	HORDEUM VULGARE	BARLEY, PEARL	OHRASUURIMO	true	Viljat	322.3231357552581	2	0.95	7.6
152	HORDEUM VULGARE	BARLEY, ROLLED, BARLEY FLAKES	OHRAHIUTALE	true	Viljat	330.4732313575526	2	0.95	9.1
153	AVENA SATIVA	OATS, ROLLED, OAT FLAKES	KAURAHIUTALE	true	Viljat	382.14866156787764	7.24	1.19	10
156	ORYZA SATIVA	RICE, WHITE	RIISI PUUROUTUVA	true	Viljat	342.3804971319311	0.7	0.4	2.3
158	ORYZA SATIVA	RICE, WHOLEGRAIN	TÄYSJYVÄRIISI	true	Viljat	362.1343212237094	2.92	1.35	7.4
160	PANICUM MILIACEUM	FLOUR, MILLET, WHOLE OR CRUSHED GRAINS	JAUHO, HIRSSISUURIMO TAI -JAUHO	true	Viljat	357.0148183556405	2.9	0.6	3.2
161	FAGOPYRUM ESCULENTUM	FLOUR, BUCKWHEAT, WHOLE OR CRUSHED GRAINS	JAUHO, TATTARISUURIMO TAI -JAUHO	true	Viljat	327.2108030592734	2	0.45	5.8
162	SOLANUM TUBEROSUM	FLOUR, POTATO STARCH, POTATO FLOUR	JAUHO, PERUNAJAUHO TAI -SUURIMO, PERUNATÄRKKELYS	true	Viljat	334.91156787762907	0.05	0.9	1.4
170	AVENA SATIVA	OAT BRAN	LESE, KAURALESE	true	Viljat	376.33365200764814	7.35	1.39	17.5
175	TRITICUM SPP.	WHEAT GRAIN, CRUSHED	ROUHE, VEHNÄROUHE KOKOJYVÄSTÄ	true	Viljat	308.0353728489483	2.46	2.6	9.9
176	SECALE CEREALE	RYE GRAIN, CRUSHED	ROUHE, RUISROUHE	true	Viljat	328.14053537284894	2.52	1.329	18.1
182	ORYZA SATIVA	FLOUR, RICE FLOUR, RICE FLAKE	JAUHO, RIISIJAUHO, RIISIHIUTALE	true	Viljat	367.7318355640535	1.4	0.4	1
183	ORYZA SATIVA	FLOUR, RICE FLOUR, WHOLE GRAIN	JAUHO, TÄYSJYVÄRIISIJAUHO	true	Viljat	362.12476099426385	2.92	1.35	7.4
204	SOLANUM TUBEROSUM	POTATO, NEW	PERUNA, UUSI	true	Perunat	74.59847036328871	0.114	0.6	1
205	SOLANUM TUBEROSUM	POTATO, PEELED	PERUNA, VANHA, KUORITTU	true	Perunat	75.37045889101339	0.114	0.6	1
300	DAUCUS CAROTA	CARROT	PORKKANA	true	Kasvikset	32.70793499043977	0.2	5.36	2.55
303	BRASSICA NAPUS VAR. NAPOBRASSICA	SWEDE, RUTABAGA	LANTTU	true	Kasvikset	34.78967495219885	0.1	5.73	2.9
304	BRASSICA RAPA	TURNIP	NAURIS	true	Kasvikset	21.161567877629064	0.1	2.37	2.7
305	BETA VULGARIS	BEETROOT, RED BEET	PUNAJUURI	true	Kasvikset	44.478967495219884	0.1	7.85	2.5
308	RAPHANUS SATIVUS VAR. SATIVUS	RADISH	RETIISI	true	Kasvikset	12.136711281070745	0.11	1.38	1.1
309	PASTINACA SATIVA	PARSNIP	PALSTERNAKKA	true	Kasvikset	63.790630975143394	0.57	5.21	5.7
310	HELIANTHUS TUBEROSUS	JERUSALEM ARTICHOKE	MAA-ARTISOKKA	true	Kasvikset	52.15822179732313	0.1	2.76	16.4
311	APIUM GRAVEOLENS VAR. RAPACEUM	CELERIAC, TURNIP-ROOTED CELERY, KNOB CELERY, CELERY ROOT	JUURISELLERI, MUKULASELLERI	true	Kasvikset	22.47848948374761	0.1	2.5	2.9
312	SCORZONERA HISPANICA	BLACK SALSIFY	MUSTAJUURI	true	Kasvikset	62.96845124282982	0.4	6.6	7.3
320	BRASSICA OLERACEA VAR. CAPITATA F. ALBA	WHITE CABBAGE	VALKOKAALI, KERÄKAALI	true	Kasvikset	31.386233269598467	0.1	4.82	2.5
321	BRASSICA OLERACEA VAR. CAPITATA "F. RUBRA"	RED CABBAGE	PUNAKAALI	true	Kasvikset	28.62093690248566	0.1	4	2.5
322	BRASSICA OLERACEA VAR. BOTRYTIS	CAULIFLOWER	KUKKAKAALI	true	Kasvikset	24.45267686424474	0.21	2.2	2.2
324	BRASSICA OLERACEA VAR. ITALICA	BROCCOLI	PARSAKAALI, BROKKOLI	true	Kasvikset	34.82074569789675	0.53	1.49	3.5
326	BRASSICA OLERACEA VAR. SABELLICA	KALE	LEHTIKAALI	true	Kasvikset	38.34369024856596	0.82	1.6	6.7
327	BRASSICA OLERACEA VAR. GEMMIFERA	BRUSSELS SPROUT	RUUSUKAALI	true	Kasvikset	41.35755258126195	0.1	3.72	4.4
329	BRASSICA OLERACEA VAR. GONGYLODES	KOHLRABI	KYSSÄKAALI, KAALIRAPI	true	Kasvikset	32.27533460803059	0.1	4.59	1.9
330	LACTUCA SATIVA VAR. CRISPA	LETTUCE	LEHTISALAATTI, RUUKKUSALAATTI, LOLLO ROSSO	true	Kasvikset	12.617112810707455	0.2	0.98	1
331	LACTUCA SATIVA VAR. CAPITATA	ICEBERG LETTUCE	JÄÄVUORISALAATTI, RAPEA KERÄSALAATTI, AMERIKANSALAATTI	true	Kasvikset	13.018642447418737	0.2	0.98	1.2
333	PETROSELINUM CRISPUM	PARSLEY	PERSILJA	true	Kasvikset	27.323135755258125	0.2	0.8	8
334	URTICA DIOICA	NETTLE, STINGING NETTLE	NOKKONEN	true	Kasvikset	42.911089866156786	0.2	0.67	6.6
335	ALLIUM CEPA	ONION	SIPULI, KELTASIPULI	true	Kasvikset	29.369024856596557	0.1	4.8	1.7
337	ALLIUM PORRUM	LEEK	PURJOSIPULI	true	Kasvikset	22.889579349904395	0.2	2.4	2.1
338	RHEUM	RHUBARB	RAPARPERI	true	Kasvikset	33.68307839388145	0.1	5.5	1.4
339	APIUM GRAVEOLENS	CELERY	LEHTISELLERI, VARSISELLERI	true	Kasvikset	12.70076481835564	0.2	1.1	1
342	BOLETUS EDULIS, RUSSULA PALUDOSA	MUSHROOM, BOLETUS, RUSSULA	SIENI, TATTI, HAPERO	true	Kasvikset	32.136711281070745	0.5	2	1.9
345	AGARICUS BISPORUS	CHAMPIGNON, FRESH	HERKKUSIENI	true	Kasvikset	15.026290630975142	0.23	0.1	1.5
346	CUCUMIS SATIVUS	CUCUMBER	KURKKU	true	Kasvikset	11.297801147227533	0.1	1.4	0.7
350	CUCURBITA PEPO	PUMPKIN	KURPITSA	true	Kasvikset	15.881931166347993	0.1	1.7	2
352	LYCOPERSICON ESCULENTUM	TOMATO	TOMAATTI	true	Kasvikset	22.731835564053537	0.3	3.35	1.4
355	CAPSICUM ANNUUM	SWEET PEPPER, AVERAGE	PAPRIKA, KESKIARVO	true	Kasvikset	28.324569789674953	0.4	4.2	1.9
359	BRASSICA PEKINENSIS	CHINESE CABBAGE	KIINANKAALI	true	Kasvikset	14.529158699808795	0.1	1.46	1.1
360	BETA VULGARIS VAR. VULGARIS	SWISS CHARD	MANGOLDI	true	Kasvikset	17.2131931166348	0.3	1.5	1.4
362	SOLANUM MELONGENA	AUBERGINE	MUNAKOISO	true	Kasvikset	22.363766730401526	0.2	2.9	2.5
363	ZEA MAYS	SWEET CORN KERNELS	MAISSI, JYVÄT	true	Kasvikset	134.54349904397705	1.36	3.6	3.7
364	LEPIDIUM SATIVUM	GARDEN CRESS	VIHANNESKRASSI	true	Kasvikset	27.323135755258125	1.4	0.6	3.3
367	CANTHARELLUS CIBARIUS	CHANTERELLE	KANTARELLI	true	Kasvikset	26.489005736137667	0.692	1.441	3.22
368	GYROMITRA ESCULENTA	FALSE MOREL	KORVASIENI	true	Kasvikset	21.673040152963672	0.692	0.3	3.22
369	ANETHUM GRAVEOLENS	DILL, FRESH	TILLI, TUORE	true	Kasvikset	29.729923518164433	0.8	0.8	2.1
370	PISUM SATIVUM	PEA, GREEN	HERNE, VIHREÄ, TUORE	true	Palkokasvit ja pähkinät	75.18642447418738	0.787	5.308	3.1
372	PHASEOLUS VULGARIS	BEAN, GREEN BEAN, STRING BEAN	PAPU, VIHREÄ TAITEPAPU, TUORE	true	Palkokasvit ja pähkinät	35.6453154875717	0.262	3.108	2.4
375	CORYLUS AVELLANA	NUT, HAZELNUT	PÄHKINÄ, HASSELPÄHKINÄ	true	Palkokasvit ja pähkinät	644.0009560229445	61	3.4	17.5
376	JUGLANS REGIA	NUT, WALNUT	PÄHKINÄ, SAKSANPÄHKINÄ	true	Palkokasvit ja pähkinät	664.3594646271509	65.21	2.6	6.7
377	CASTANEA SATIVA	CHESTNUT	KASTANJA	true	Palkokasvit ja pähkinät	194.89961759082217	2.2	7	6.8
378	ARACHIS HYPOGAEA	NUT, PEANUT	PÄHKINÄ, MAAPÄHKINÄ	true	Palkokasvit ja pähkinät	551.3145315487571	43	6.2	8.5
379	PRUNUS AMYGDALUS	ALMOND	MANTELI	true	Palkokasvit ja pähkinät	601.6013384321224	51.24	6.6	12.5
380	GLYSINE MAX	FLOUR, SOYA FLOUR, FULL FAT	JAUHO, SOIJAJAUHO, RASVAINEN	true	Palkokasvit ja pähkinät	466.4316443594646	23.5	11.21	11.9
381	GLYSINE MAX	FLOUR, SOYA FLOUR, LOW-FAT	JAUHO, SOIJAJAUHO, VÄHÄRASVAINEN	true	Palkokasvit ja pähkinät	390.6548757170172	7.2	13.6	14.4
384	MEDICAGO SATIVA, VIGNA MUNGO	BEANSPROUTS AND ALFALFA SPROUTS, AVERAGE	ITU, KESKIARVO, SINIMAILANEN, MUNGOPAPU	true	Kasvikset	35.87476099426386	0.7	0.8	1.5
385	SESAMUM INDICUM	SESAME SEED, WITH HULL	SEESAMINSIEMEN, KUORINEEN	false	Palkokasvit ja pähkinät	607.887189292543	54.8	0.4	12.3
386	CAPSICUM ANNUUM	SWEET PEPPER, RED	PAPRIKA, PUNAINEN	true	Kasvikset	28.38910133843212	0.3	4.5	1.9
387	CAPSICUM ANNUUM	SWEET PEPPER, GREEN	PAPRIKA, VIHREÄ	true	Kasvikset	21.247609942638626	0.3	2.4	1.9
388	CAPSICUM ANNUUM	SWEET PEPPER, YELLOW	PAPRIKA, KELTAINEN	true	Kasvikset	30.124282982791588	0.2	5.1	2
389	CUCURBITA PEPO	ZUCCHINI, SUMMER SQUASH	KESÄKURPITSA, ZUCCHINI	true	Kasvikset	18.420172084130016	0.4	2.5	0.7
392	ALLIUM SCHOENOPRASUM	CHIVES	RUOHOSIPULI	true	Kasvikset	25.20315487571702	0.92	0.58	2.7
393	ALLIUM SATIVUM	GARLIC	VALKOSIPULI	true	Kasvikset	108.30066921606118	0.6	1.6	2.1
423	VITIS VINIFERA L.	GRAPE, AVERAGE, GREEN OR RED, SEEDLESS	VIINIRYPÄLE, KESKIARVO, KIVETÖN, VIHREÄ/TUMMA	true	Hedelmät	73.54206500956022	0.4	15.5	1.1
440	VACCINIUM VITIS-IDAEA	LINGONBERRY, COWBERRY	PUOLUKKA	true	Hedelmät	55.8604206500956	0.657	8.165	2.6
441	VACCINIUM OXYCOCCOS, V. MACROCARPON	CRANBERRY	KARPALO	true	Hedelmät	32.1199808795411	0.1	4.45	3.5
442	VACCINIUM MYRTILLUS	BLUEBERRY, BILBERRY	MUSTIKKA, METSÄMUSTIKKA	true	Hedelmät	64.74426386233269	1.059	8.391	3.3
444	RIBES NIGRUM	BLACKCURRANT	MUSTAHERUKKA	true	Hedelmät	74.11567877629064	1.089	8.575	5.8
445	RIBES RUBRUM RIBES*PALLIDUM	REDCURRANT	PUNAHERUKKA	true	Hedelmät	56.661089866156786	0.4	7.5	5
446	RIBES UVA-CRISPA	GOOSEBERRY	KARVIAINEN	true	Hedelmät	39.885277246653914	0.4	5.4	3.4
447	FRAGARIA ANANASSA	STRAWBERRY	MANSIKKA	true	Hedelmät	44.63193116634799	0.313	7.024	1.9
448	RUBUS IDAEUS	RASPBERRY	VADELMA	true	Hedelmät	47.61472275334608	0.789	5.294	3.7
449	RUBUS CHAMAEMORUS	CLOUDBERRY	LAKKA, SUOMUURAIN, HILLA	true	Hedelmät	55.205544933078386	1.057	5.812	6.3
455	HIPPOPHAE RHAMNOIDES	SEA BUCKTHORN BERRY	TYRNIMARJA	true	Hedelmät	56.613288718929255	3.22	2.09	3.6
457	SORBUS AUCUPARIA	ROWANBERRY, SORBUS	PIHLAJANMARJA	true	Hedelmät	74.69646271510516	1.18	4.1	6.5
477	CUCUMIS MELO VAR. CANTALUPENSIS/RETICULATA	MUSKMELON/CANTALOUPE MELON, WITHOUT SKIN	MELONI, VERKKOMELONI/CANTALOUPEMELONI, KUORITTU	true	Hedelmät	22.61950286806883	0.19	4.1	0.9
11007	ROSA RUGOSA	ROSE HIP	RUUSUNMARJA	true	Hedelmät	54.09655831739962	0.1	5.97	8.3
11030	SECALE CEREALE	FLOUR, RYE, FINE RYE FLOUR	JAUHO, RUISSIHTIJAUHO	true	Viljat	341.25239005736137	1.5	0.5	9.4
11045	CITRUS SINENSIS	ORANGE WITHOUT SKIN	APPELSIINI, KUORITTU	true	Hedelmät	45.67877629063098	0.14	8.9	2.1
11046	CITRUS RETICULATA	MANDARIN, AVERAGE, WITHOUT SKIN	MANDARIINI, KUORITTU	true	Hedelmät	45.40152963671128	0.3	8.2	1.9
11047	CITRUS PARADISI	GRAPEFRUIT, WITHOUT SKIN	GREIPPI, KUORITTU	true	Hedelmät	35.16969407265774	0.3	6.5	1.4
11048	CITRUS LIMON	LEMON, WITHOUT SKIN	SITRUUNA, KUORITTU	true	Hedelmät	32.918260038240916	0.17	2.2	2.8
11049	MUSA SAPIENTUM	BANANA, WITHOUT SKIN	BANAANI, KUORITTU	true	Hedelmät	87.57648183556405	0.4	13.5	1.8
11050	ACTINIDIA CHINENSIS	KIWI FRUIT, WITHOUT SKIN	KIIVI, KUORITTU	true	Hedelmät	52.20841300191204	0.834	6.79	2.7
11051	PRUNUS PERSICA, PRUNUS PERSICA VAR. NECTARINA	PEACH/NECTARINE, WITHOUT SKIN AND STONE	PERSIKKA/NEKTARIINI, KUORITTU, KIVETÖN	true	Hedelmät	44.05353728489484	0.215	7.8	2.1
11052	PRUNUS AVIUM L., PRUNUS CERASUS L.	CHERRY WITHOUT STONE	KIRSIKKA, KIVETÖN	true	Hedelmät	56.42686424474187	0.2	11.4	1.5
11053	PRUNUS DOMESTICA	PLUM, WITHOUT STONE	LUUMU, KIVETÖN	true	Hedelmät	46.498565965583175	0.3	8.2	1.7
11054	PRUNUS ARMENIACA	APRICOT, AVERAGE, WITHOUT STONE	APRIKOOSI, KESKIARVO, KIVETÖN	true	Hedelmät	53.269598470363285	0.1	10.6	1.9
11055	CITRULLUS LANATUS	WATERMELON, WITHOUT SKIN	VESIMELONI, KUORITTU	true	Hedelmät	37.217973231357554	0.15	7.1	1.1
11056	ANANAS COMOSUS	PINEAPPLE, WITHOUT SKIN	ANANAS, KUORITTU	true	Hedelmät	55.61663479923518	0.4	11.2	1.4
11057	PERSEA AMERICANA	AVOCADO, WITHOUT SKIN AND STONE	AVOKADO, KUORITTU, KIVETÖN	true	Hedelmät	198.18355640535373	19.4	0.66	6.7
11060	MALUS DOMESTICA	APPLE, DOMESTIC, WITHOUT SKIN	OMENA, KOTIMAINEN, KUORITTU	true	Hedelmät	40.53059273422562	0.1	8.21	1.8
11061	MALUS	APPLE, IMPORTED, WITHOUT SKIN	OMENA, ULKOMAINEN, KUORITTU	true	Hedelmät	44.677342256214146	0.1	9.32	1.8
11062	PYRUS COMMUNIS	PEAR, WITHOUT SKIN	PÄÄRYNÄ, KUORITTU	true	Hedelmät	43.23852772466539	0.0875	8	3.9
11071	MANGIFERA INDICA, CARICA PAPAYA	EXOTIC FRUIT, AVERAGE, MANGO/PAPAYA, WITHOUT SKIN	EKSOOTTINEN HEDELMÄ, KESKIARVO, MANGO/PAPAIJA, KUORITTU	true	Hedelmät	55.61902485659656	0.215	10.7	2.1
11074	MEDICAGO SATIVA	SPROUT, ALFALFA	ITU, SINIMAILASEN ITU	true	Kasvikset	29.30927342256214	0.69	0.3	3
11086	ANACARDIUM OCCIDENTALE	NUT, CASHEW NUT	PÄHKINÄ, CASHEWPÄHKINÄ	true	Palkokasvit ja pähkinät	574.2232313575525	46.35	4.6	3.5
11134	OCIMUM BASILICUM	BASIL, FRESH	BASILIKA, TUORE	true	Kasvikset	25.812619502868067	0.65	0.31	1.6
11203	CUCUMIS MELO	HONEYDEW MELON, WITHOUT SKIN	HUNAJAMELONI, KUORITTU	true	Hedelmät	37.019598470363285	0.14	7.8	0.8
11212	HELIANTHUS ANNUUS	SUNFLOWER SEED	AURINGONKUKANSIEMEN, KUORITTU	false	Palkokasvit ja pähkinät	617.3613766730401	56.1	2.62	6
11521	ORYZA SATIVA	RICE, WHITE, LONG-GRAIN, PARBOILED	RIISI PITKÄJYVÄINEN, PUUROUTUMATON	true	Viljat	366.376673040153	1.03	0	1.7
11589	ARMORACIA	HORSERADISH	PIPARJUURI	true	Kasvikset	89.68451242829828	0.254	5.073	7.5
11680	SOLANUM TUBEROSUM	POTATO, PEELED, VACUUM PACKED, CATERING	PERUNA, KUORITTU, SUURTALOUSTUOTE, SUOJAKAASUPAKATTU	true	Perunat	75.348948374761	0.114	0.6	1
11689	ASPARAGUS OFFICINALIS L.	ASPARAGUS, RAW, CLEANED	PARSA, RAAKA, PUHDISTETTU	true	Kasvikset	32.373326959847034	0.6	1.9	3.5
11734	LENTINULA EDODES	SHIITAKE MUSHROOM	SIITAKESIENI	true	Kasvikset	26.52246653919694	0.31	2.5	3.3
11735	PLEUROTUS OSTREATUS	OYSTER MUSHROOM	OSTERIVINOKAS	true	Kasvikset	26.252390057361378	0.35	2.6	2.4
28905	TRITICUM DURUM DESF.	FLOUR, WHOLE WHEAT FLOUR	JAUHO, TÄYSJYVÄVEHNÄJAUHO	true	Viljat	357.97323135755255	2.47	1.198	12.6
28910	ORYZA SATIVA	RICE, BROWN	RIISI TUMMA	true	Viljat	348.972275334608	2.3	0.4	4
28913	SOLANUM TUBEROSUM	POTATO, UNPEELED, AVARAGE, RAW	PERUNA, PUNNITTU KUORINEEN	true	Perunat	75.348948374761	0.114	0.6	1
28915	CUCUMIS MELO L. VAR. RETUCULATA/CANTALUPENSIS	MUSKMELON/CANTALOUPE MELON, WITH SKIN	MELONI, VERKKO/CANTALOUPEMELONI, PUNNITTU KUORINEEN	true	Hedelmät	11.309751434034416	0.095	2.05	0.45
28916	MALUS	APPLE, AVERAGE, WITH SKIN	OMENA, KESKIARVO, PUNNITTU KUORINEEN	true	Hedelmät	37.06500956022945	0.087	7.626	1.566
28917	PYRUS COMMUNIS	PEAR, WITH SKIN	PÄÄRYNÄ, PUNNITTU KUORINEEN	true	Hedelmät	38.04971319311663	0.077	7.04	3.432
28918	PRUNUS DOMESTICA	PLUM, WITH STONE	LUUMU, TUMMA, PUNNITTU KIVINEEN	true	Hedelmät	42.77963671128107	0.276	7.544	1.564
28920	PRUNUS AVIUM, PRUNUS CERASUS	CHERRY WITH STONE	KIRSIKKA, PUNNITTU KIVINEEN	true	Hedelmät	51.347992351816444	0.182	10.374	1.365
28921	PRUNUS ARMENIACA	APRICOT, AVERAGE, WITH STONE	APRIKOOSI, KESKIARVO, PUNNITTU KIVINEEN	true	Hedelmät	50.07409177820267	0.094	9.964	1.786
28922	PRUNUS PERSICA, PRUNUS PERSICA VAR. NECTARINA	PEACH/NECTARINE, AVERAGE, WITH STONE	PERSIKKA/NEKTARIINI, KESKIARVO, PUNNITTU KIVINEEN	true	Hedelmät	38.324569789674946	0.187	6.786	1.827
28923	ANANAS COMOSUS	PINEAPPLE, WITH SKIN	ANANAS, TUORE, PUNNITTU KUORINEEN	true	Hedelmät	29.476577437858506	0.212	5.936	0.742
28924	CITRUS SINENSIS	ORANGE, AVERAGE, WITH SKIN	APPELSIINI, PUNNITTU KUORINEEN	true	Hedelmät	32.8895793499044	0.101	6.408	1.512
28925	CITRUS LIMON	LEMON, WITH SKIN	SITRUUNA, KESKIARVO, PUNNITTU KUORINEEN	true	Hedelmät	21.395793499043975	0.111	1.43	1.82
28926	CITRUS PARADISI	GRAPEFRUIT, AVERAGE, WITH SKIN	GREIPPI, KESKIARVO, PUNNITTU KUORINEEN	true	Hedelmät	22.860898661567877	0.195	4.225	0.91
28931	CITRULLUS VULGARIS/LANATUS	WATERMELON, WITH SKIN	VESIMELONI, PUNNITTU KUORINEEN	true	Hedelmät	20.470841300191204	0.083	3.905	0.605
28932	VITIS VINIFERA L.	GRAPE, AVERAGE, GREEN OR RED	VIINIRYPÄLE, KESKIARVO, PUNNITTU KIVINEEN, VIHREÄ/TUMMA	true	Hedelmät	69.8661567877629	0.38	14.725	1.045
28933	PERSEA AMERICANA	AVOCADO  WITH SKIN AND STONE	AVOKADO, PUNNITTU KUORINEEN JA KIVINEEN	true	Hedelmät	140.70984703632888	13.774	0.469	4.757
28934	MUSA SAPIENTUM	BANANA, WITH SKIN	BANAANI, PUNNITTU KUORINEEN	true	Hedelmät	58.67590822179732	0.268	9.045	1.206
28935	CITRUS RETICULATA	MANDARIN, AVERAGE, WITH SKIN	MANDARIINI, KESKIARVO, PUNNITTU KUORINEEN	true	Hedelmät	36.3217017208413	0.24	6.56	1.52
28939	ACTINIDIA CHINENSIS	KIWI FRUIT, WITH SKIN	KIIVI, PUNNITTU KUORINEEN	true	Hedelmät	48.03059273422562	0.767	6.247	2.484
28941	MALUS DOMESTICA	APPLE, DOMESTIC, WITH SKIN	OMENA, KOTIMAINEN, KUORINEEN	true	Hedelmät	35.260516252390055	0.087	7.143	1.566
28942	MALUS	APPLE, IMPORTED, WITH SKIN	OMENA, ULKOMAINEN, KUORINEEN	true	Hedelmät	38.86950286806883	0.087	8.108	1.566
28944	CUCUMIS MELO	HONEYDEW MELON WITH SKIN	HUNAJAMELONI, PUNNITTU KUORINEEN	true	Hedelmät	18.508604206500955	0.07	3.9	0.4
28962	ZEA MAYS	SWEET CORN, CORN ON THE COB	MAISSINTÄHKÄ, KOKONAINEN	true	Kasvikset	80.72657743785851	0.816	2.16	2.22
29217	LACTARIUS RUFUS	RUFOUS MILKCAP	KANGASROUSKU	true	Kasvikset	18.802581261950287	0.5	0.25	1.5
29410	BOLETUS EDULIS	PORCINI	HERKKUTATTI	true	Kasvikset	30.205544933078393	0.229	1.607	3
29822	ZEA MAYS	FLOUR, CORN MEAL, COARSELY GROUND	JAUHO, MAISSIJAUHO, KARKEA, POLENTAJAUHO	true	Viljat	348.75	1.65	0.64	7.4
29823	ZEA MAYS	FLOUR, CORN MEAL, FINELY GROUND	JAUHO, MAISSIJAUHO, HIENOKSI JAUHETTU	true	Viljat	379.3283938814531	1.39	0.64	1.9
30190	AVENA SATIVA	FLOUR, OAT FLOUR	JAUHO, KAURAJAUHO	true	Viljat	390.55210325047796	7.08	0.877	9
30214	ELEOCHARIS DULCIS	WATER CHESTNUT	VESIKASTANJA	true	Kasvikset	97.39005736137668	0.1	4.8	3
30223	LPOMOEA BATATAS	SWEET POTATO, WITHOUT SKIN	BATAATTI, KUORITTU	true	Kasvikset	80.93929254302103	0.05	4.18	3
30914	FOENICULUM VULGARE VAR. AZORICUM	FLORENCE FENNEL	FENKOLI, SALAATTIFENKOLI	true	Kasvikset	17.327915869980878	0.2	1.7	2.4
30968	PINUS SPP.	PINE NUT, PINE KERNEL	PINJANSIEMEN	false	Palkokasvit ja pähkinät	688.895793499044	66.8	3.59	3.7
30991	LINUM USITATISSIMUS	LINSEED, WHOLE	PELLAVANSIEMEN, KOKONAINEN	false	Palkokasvit ja pähkinät	537.4306883365201	43.8	1.418	26.4
31175	CHENOPODIUM QUINOA WILLD	QUINOA	KVINOA, SIEMEN	true	Viljat	347.53346080305926	6.07	4.94	7
31211	CUCURBITA PEPO	PUMPKIN SEED	KURPITSANSIEMEN	false	Palkokasvit ja pähkinät	590.2629063097514	48	1.41	6
31226	TRITICUM SPELTA	SPELT FLOUR, WHOLE MEAL	JAUHO, SPELTTIJAUHO, TÄYSJYVÄ	true	Viljat	349.1228489483747	2.4	1.358	8.38
31237	AMARANTHUS HYPOCHONDRIACUS	AMARANTH FLAKES	AMARANTTI, HIUTALE	true	Viljat	369.3690248565966	7	1.69	6.7
31555	PUNICA GRANATUM	POMEGRANATE, WITHOUT SKIN	GRANAATTIOMENA, KUORITTU	true	Hedelmät	84.5076481835564	1.17	13.67	4
32455	CITRUS PARADISI	GRAPEFRUIT PINK/RED, WITHOUT SKIN	VERIGREIPPI, KUORITTU	true	Hedelmät	35.42065009560229	0.14	6.89	1.6
33095	CARYA ILLINOINENSIS	NUT, PECAN	PÄHKINÄ, PEKAANIPÄHKINÄ	true	Palkokasvit ja pähkinät	710.0597514340344	71.97	3.97	9.6
33121	CANNABIS SATIVA	HEMP SEED, WHOLE	HAMPUNSIEMEN, KOKONAINEN	true	Palkokasvit ja pähkinät	454.51481835564056	32.9	1.36	27.6
33456	SPINACIA OLERACEA	SPINACH	PINAATTI	true	Kasvikset	18.133365200764818	0.56	0.1	1.9
33499	GLYSINE MAX	SOYA MINCE, WHITE OR DARK	SOIJAROUHE, VAALEA TAI TUMMA	true	Palkokasvit ja pähkinät	334.5984703632887	2.39	8	15
33893	GLYSINE MAX	TOFU, BREADED, FRIED IN OIL	TOFUPIHVI, LEIVITETTY TOFU, SISÄLTÄÄ SEESAMINSIEMENIÄ, PAISTETTU ÖLJYSSÄ	false	Ei raaka-aine	187.86567877629062	13.824	0.615	1.97
34159	ERUCA SATIVA	ROCKET, ARUGULA	RUKOLA, RUCOLA, SINAPPIKAALI	true	Kasvikset	18.164435946462714	0.303	0.352	1.6
34230	DIPLOTAXIS MURALIS	WILD ROCKET, SAND ROCKET	VILLIRUCOLA, PIKKUHIETASINAPPI	true	Kasvikset	27.703154875717015	0.66	2.049	1.6
34231	LACTICA SATIVA	GARDEN LETTUCE	JÄÄSALAATTI	true	Kasvikset	11.3934034416826	0.121	0.762	1
34232	CICHORIUM INTYBUS VAR. FOLIOSUM	RADICCHIO	PUNASALAATTI, PUNASIKURI	true	Kasvikset	22.246653919694072	0.172	2.231	1.1
34233	LACTUCA SATIVA VAR. LONGIFOLIA	ROMAINE LETTUCE	ROOMANSALAATTI, SIDESALAATTI	true	Kasvikset	20.272466539196937	0.19	1.851	1.8
34234	ALLIUM CEPA	ONION, RED ONION	SIPULI, PUNASIPULI	true	Kasvikset	33.69502868068833	0.114	3.586	1.98
34235	RAPHANUS SATIVUS VAR. LONGIPINNATUS	RADISH, WHITE	VALKORETIKKA	true	Kasvikset	24.737093690248564	0.032	3.074	1.6
34236	PISUM SATIVUM	PEA SHOOT	HERNEENVERSO	true	Kasvikset	21.97657743785851	0.438	0.278	1.6
34237	VALERIANELLE LOCUSTA	CORN SALAD, LAMB'S LETTUCE	VUONANKAALI	true	Kasvikset	15.043021032504779	0.285	0.2	1.8
34238	CORIANDRUM SATIVUM	CORIANDER, FRESH	KORIANTERI, TUORE	true	Kasvikset	20.901051625239006	0.403	0.405	2.8
34239	LACTARIUS TRIVIALIS	NORTHERN MILKCAP	HAAPAROUSKU	true	Kasvikset	15.95602294455067	0.502	0.25	1.5
34240	CANTHARELLUS TUBAEFORMIS	FUNNEL CHANTERELLE	SUPPILOVAHVERO	true	Kasvikset	24.122848948374763	0.838	0.25	3.22
34241	LACTARIUS TORMINOSUS	WOOLLY MILKCAP	KARVAROUSKU	true	Kasvikset	15.752868068833651	0.502	0.2	1.5
34242	TRITICUM AESTIVUM	FLOUR, WHEAT FLOUR, SEMI-COARSE, V600	JAUHO, LEIVONTAVEHNÄJAUHO V600	true	Viljat	347.04110898661565	1.27	0.502	3.5
34243	VICIA FABA	BEAN, BROAD BEAN, FAVA BEAN, FRESH	PAPU, HÄRKÄPAPU, TUORE	true	Palkokasvit ja pähkinät	102.47131931166348	0.602	1.633	4.2
34244	PISUM SATIVUM VAR. MACROCARPON	SUGAR SNAP PEAS, FRESH	HERNE, SOKERIHERNE, TUORE	true	Palkokasvit ja pähkinät	41.84273422562141	0.137	3.911	2.2
34245	SESAMUM INDICUM	SESAME SEED, WHITE, WITHOUT HULL	SEESAMINSIEMEN, VALKOINEN, KOKONAINEN, KUORITTU	false	Palkokasvit ja pähkinät	654.8781070745698	59.7	0.971	11.3
34246	SECALE CEREALE	FLOUR, RYE, WHOLEGRAIN RYE FLOUR R800	JAUHO, TÄYSJYVÄRUISJAUHO R800	true	Viljat	323.2982791586998	2.56	1.888	16
34247	SECALE CEREALE	FLOUR, RYE, WHOLEGRAIN RYE FLOUR R1000	JAUHO, TÄYSJYVÄRUISJAUHO R1000	true	Viljat	312.85850860420646	1.81	1.801	16
34248	HARDEUM VULGARE	FLOUR, BARLEY, WHOLE GRAIN BARLEY FLOUR	JAUHO, TÄYSJYVÄOHRAJAUHO	true	Viljat	355.50908221797323	2.45	1.808	7.6
34249	TRITICUM AESTIVUM	FLOUR, COARSE WHEAT FLOUR	JAUHO, ERIKOISVEHNÄJAUHO, VÄHITTÄISKAUPPA	true	Viljat	370.8914913957935	1.27	1.572	3.5
34361	MANGIFERA INDICA	MANGO, WITHOUT SKIN	MANGO, KUORITTU	true	Hedelmät	66.95984703632888	0.38	7.88	1.6
34694	CARICA PAPAYA	PAPAYA, WITHOUT SKIN	PAPAIJA, KUORITTU	true	Hedelmät	39.23279158699809	0.26	7.82	1.7
34847	SALVIA HISPANICA	CHIA SEED	CHIANSIEMEN	false	Palkokasvit ja pähkinät	459.4168260038241	33.9	0	34.4
34971	AVENA SATIVA	OAT, COARSE-GROUND OAT, KAURAKUITUNEN	KAURAKUITUNEN, KAURAROUHE	true	Viljat	256.99091778202677	3.3	0.567	69.7
35220	CANNABIS SATIVA	HEMP SEED, WITHOUT HULL	HAMPUNSIEMEN, KUORITTU	true	Palkokasvit ja pähkinät	625.3154875717017	53.6	1.36	4
35221	PAPAVER SOMNIFERUM	POPPY SEED	UNIKONSIEMEN, KOKONAINEN	false	Palkokasvit ja pähkinät	545.1314531548757	45.9	2.99	19.5
35513	LINUM USITATISSIMUS	LINSEED, CRUSHED, ROASTED, VALO24	PELLAVANSIEMENROUHE, PAAHDETTU, VALO24	false	Palkokasvit ja pähkinät	563.3150095602294	48	1.418	23.7
35581	SUILLUS VARIEGATUS	VELVET BOLETE	KANGASTATTI	true	Kasvikset	18.65439770554493	0.54	0.66	3.2
35582	ALBATRELLUS OVINUS	FOREST LAMB MUSHROOM, SHEEP POLYPORE	LAMPAANKÄÄPÄ	true	Kasvikset	23.960325047801145	0.98	0.27	3.6
35583	LECCINUM SPP.	BOLETE	PUNIKKITATTI	true	Kasvikset	27.791586998087954	0.55	1.69	3.3
35584	PICEA ABIES	SPRUCE BUD	KUUSENKERKKÄ	true	Kasvikset	33.62810707456978	0.5	0.55	7.2
35585	EPILOBIUM ANGUSTIFOLIUM	ROSEBAY WILLOW HERB OR FIREWEED, SHOOT	MAITOHORSMA, VERSO	true	Kasvikset	45.55927342256214	0.7	1.21	7.5
35586	TARAXACUM SPP.	DANDELION, LEAF	VOIKUKKA, LEHTI, VOIKUKAN LEHTI	true	Kasvikset	37.903919694072655	0.2	2.02	7.7
35587	TARAXACUM SPP.	DANDELION, BUD	VOIKUKKA, NUPPU, VOIKUKAN NUPPU	true	Kasvikset	48.39388145315487	1.2	1.79	8.2
35588	AEGOPODIUM PODAGRARIA	GOUTWEED, GROUND ELDER, HERB GERARD, LEAF	VUOHENPUTKI, LEHTI	true	Kasvikset	40.2868068833652	0.3	0.93	9.1
35589	RIBES NIGRUM	BLACK CURRANT, LEAF	MUSTAHERUKKA, LEHTI, MUSTAHERUKAN LEHTI	true	Kasvikset	63.66156787762906	0.7	2.33	11.4
35591	VACCINIUM ULIGINOSUM	BOG BILBERRY, BOG WHORTLEBERRY	JUOLUKKA	true	Hedelmät	38.47036328871893	0.73	6.2	2.4
35592	ARONIA MITSCHURINII	CHOKEBERRY	MARJA-ARONIA	true	Hedelmät	56.08269598470363	0.63	5.7	5.2
35596	VACCINIUM CORYMBOSUM	BLUEBERRY	MUSTIKKA, PENSASMUSTIKKA	true	Hedelmät	61.49378585086043	0.35	12.37	3.3
35602	EMPETRUM NIGRUM	BLACK CROWBERRY	VARIKSENMARJA	true	Hedelmät	44.00812619502868	0.74	4.1	9.5
35606	ANGELICA ARCHANGELICA SSP. ARCHANGELICA	ANGELICA	VÄINÖNPUTKI	true	Kasvikset	46.92877629063097	0.3	0.95	8.6
35607	ACHILLEA MILLEFOLIUM	YARROW	SIANKÄRSÄMÖ	true	Kasvikset	56.477055449330784	0.3	0.1	12
35615	JUNIPERUS COMMUNIS	JUNIPER BERRY	KATAJANMARJA	true	Hedelmät	248.01625239005736	4.9	25	45